/*
SQLyog Professional v12.4.3 (64 bit)
MySQL - 10.1.29-MariaDB : Database - movi
*********************************************************************
*/

/*!40101 SET NAMES utf8 */;

/*!40101 SET SQL_MODE=''*/;

/*!40014 SET @OLD_UNIQUE_CHECKS=@@UNIQUE_CHECKS, UNIQUE_CHECKS=0 */;
/*!40014 SET @OLD_FOREIGN_KEY_CHECKS=@@FOREIGN_KEY_CHECKS, FOREIGN_KEY_CHECKS=0 */;
/*!40101 SET @OLD_SQL_MODE=@@SQL_MODE, SQL_MODE='NO_AUTO_VALUE_ON_ZERO' */;
/*!40111 SET @OLD_SQL_NOTES=@@SQL_NOTES, SQL_NOTES=0 */;
CREATE DATABASE /*!32312 IF NOT EXISTS*/`movi` /*!40100 DEFAULT CHARACTER SET latin1 */;

USE `movi`;

/*Data for the table `advertises` */

insert  into `advertises`(`advertise_id`,`image`,`name`) values 
(1,'https://middleburgeccentric.com/wp-content/uploads/2016/08/Advertise-with-Us.jpg','home-ad-4');

/*Data for the table `blog_categories` */

insert  into `blog_categories`(`blog_category_id`,`blog_category_name`,`created_date`,`created_by`,`updated_date`,`updated_by`) values 
(1,'Tech Vaping','2018-10-15 16:57:06',NULL,'0000-00-00 00:00:00',NULL),
(2,'Vaping Guides','2018-07-17 17:44:47',NULL,'0000-00-00 00:00:00',NULL),
(3,'E-Cig & E-Liquid Reviews','2018-07-18 10:13:41',NULL,'0000-00-00 00:00:00',NULL);

/*Data for the table `blogs` */

insert  into `blogs`(`blog_id`,`author_name`,`content`,`highlight`,`title`,`image`,`created_date`,`created_by`,`updated_date`,`updated_by`,`blog_category_id`,`price`,`section_id`) values 
(1,'Author Name','<p>The Stick Prince is arguably SMOK’s best ‘all-rounder’ device to date. Following in the path of the hugely popular SMOK Stick V8, can the Stick Prince live up to the hype?</p>\r\n<h2><strong>What’s in the Box:</strong></h2>\r\n<p>1 x SMOK Stick Prince 3000mAh Vape Mod<br />\r\n1 x SMOK TFV12 Prince Tank<br />\r\n2 x Prince V12 M4 0.17? Coils (1 x Preinstalled, 1 x Spare)<br />\r\n1 x USB Charging Cable<br />\r\n1 x User Manual<br />\r\n1 x Bag of Spare Parts</p>\r\n<h2><strong>First Impressions:</strong></h2>\r\n<p>With a one-button operation system and fixed wattage, the Stick Prince boasts all of the blissful simplicity of a pen device whilst maintaining the high performance and dense cloud production of a mod twice its size.</p>\r\n<h2><strong>Tech Specs:</strong></h2>\r\n<p>Incorporating a powerful 3000mAh battery, the Stick Prince is a very sturdy and durable bit of kit for its compact dimensions of 88mm high by 25mm wide. A micro USB charging port located on the body on the device allows for quick and efficient charging, the status of which is indicated by a red LED light which borders the firing button.</p>\r\n<p>Smok has also added numerous safety features to give you peace of mind during vaping, including an eight second cut off protection to prevent over-inhaling or accidental firing; which can ultimately lead to the battery becoming stressed. The Stick Prince also boasts short circuit protection, which helps to eliminate the chance of battery malfunction.</p>\r\n<h2><strong>The TFV12 Prince Tank:</strong></h2>\r\n<p>The Stick Prince comes with the hugely-popular 2ml TFV12 Prince tank, which has received wide acclaim for its innovative design and superb flavour delivery. However, the device also features a handy 510 connector, which means you are not limited to the use of one tank and can swap freely between your atomiser of choice.</p>\r\n<h2><strong>Our View: </strong></h2>\r\n<p>Although the Stick Prince is unrivalled in cloud production and flavour quality, what really stands out about this device is its sheer power when compared to its ease of operation. It is a perfect option for new and seasoned vapers alike and has the unique ability to accommodate high-spec vaping whilst remaining extremely accessible and easy to operate.</p>\r\n<p>So far the SMOK Stick Prince has proved to be extremely popular, and at such a low price it\'s no wonder why! It\'s now available online and instore at Vapestore.</p>','Incorporating a powerful 3000mAh battery, the Stick Prince is a very sturdy and durable bit of kit for its compact dimensions of 88mm high by 25mm wide. A micro USB charging port located on the body on the device allows for quick and efficient charging, the status of which is indicated by a red LED light which borders the firing button.\r\n\r\nSmok has also added numerous safety features to give you peace of mind during vaping, including an eight second cut off protection to prevent over-inhaling or accidental firing; which can ultimately lead to the battery becoming stressed. The Stick Prince also boasts short circuit protection, which helps to eliminate the chance of battery malfunction.','Focus on: SMOK Stick Prince Kit','https://www.vapestore.co.uk/wordpress/wp-content/uploads/2018/05/stick7.png','2018-07-16 16:48:02',NULL,NULL,NULL,2,NULL,1),
(2,'Author Name 2','<h1>Squonking 101</h1>\r\n<p>Squonk mods have made a splash in the vaping community in the last little while, and \'squonking\' has quickly become known as a new and innovative way to maximise flavour.</p>\r\n<p>If you\'ve heard the term but aren\'t sure what it means, we\'re here to help you get to grips with the basics.</p>\r\n<h2>What is a squonk mod?</h2>\r\n<p>Squonking mods are very similar to the performance offered by rebuildable dripping atomizers. With an RDA, you drip liquid directly into your atomiser.</p>\r\n<p>RDAs are popular because they make it very easy to switch between flavours and the process tends to produce denser clouds and bolder flavour than the traditional tank.</p>\r\n<p>The problem with RDAs is they can be messy and inconvenient - you have to constantly carry a bottle of e-liquid on you and the process of dripping can mean you end up with e-liquid all over your kit.</p>\r\n<p>Squonking offers the same performance but eliminates the need to actually drip each time by building a solution right into the design.</p>\r\n<h2>How does it work?</h2>\r\n<p>Squonk mods are bottom-feeding and carry your e-liquid supply inside the mod, allowing you to directly feed e-liquid to the atomizer.</p>\r\n<p>The box mod has a small opening - called a squonk hole - that you squeeze to deliver a small amount of e-liquid to the atomiser and saturate the wick. When you release the pressure on the bottle, any excess will drip back into the bottle.</p>\r\n<h2>The past, present and future of squonking</h2>\r\n<p>Bottomfeed squonk mods have been on the scene since 2009, but it\'s only recently that they\'ve reached more mainstream popularity.</p>\r\n<p>Squonk mods and squonking atomisers are starting to pop up and are more readily available for vapers. People are searching for more information both online and in-store, which indicates these mods are offering something new and different to experienced vapers.</p>\r\n<p>However, the future of squonking is still unclear. There\'s reason to believe that squonk mods wont pass the new tighter regulations of the TPD, meaning just as soon as they\'ve risen to popularity they could disappear off the radar.</p>\r\n<p>The new TPD rules mean the maximum container size of an e-liquid bottle is 10ml, and the maximum cartridge or tank size is 2ml. There also needs to be leak-proof refilling mechanisms in place, which among other things mean there\'s a restriction on the maximum drops per minute a dropper can provide. These are just a few of the rules that could spell trouble for squonking.</p>','Squonking mods are very similar to the performance offered by rebuildable dripping atomizers. With an RDA, you drip liquid directly into your atomiser.\r\n\r\nRDAs are popular because they make it very easy to switch between flavours and the process tends to produce denser clouds and bolder flavour than the traditional tank.\r\n\r\nThe problem with RDAs is they can be messy and inconvenient - you have to constantly carry a bottle of e-liquid on you and the process of dripping can mean you end up with e-liquid all over your kit.\r\n\r\nSquonking offers the same performance but eliminates the need to actually drip each time by building a solution right into the design.','Squonking 101','https://www.vapestore.co.uk/wordpress/wp-content/uploads/2017/12/01620233squonking_101-jpg.jpg','2018-07-16 17:17:43',NULL,NULL,NULL,2,NULL,1),
(5,'Author Name 2','<h1>Focus on: Liquorice Fruits</h1>\r\n<p>Half the fun of vaping is discovering delicious new e-liquids, and with so many new brands launching there\'s no shortage of flavours to choose from.</p>\r\n<p>Liquorice Fruits is a new e-liquid brand that sub-ohm vapers will love. It\'s a carefully curated range of four delicious flavours that keep things sweet.</p>\r\n<h2>Style meets substance</h2>\r\n<p>The first thing you\'ll notice about Liquorice Fruits is the colourful, unique packaging. Flavours are easy to identify by colour and their eye-catching range means they\'re sure to stand out.</p>\r\n<p>If you love liquorice Black Jacks then start with Blue Raspberry. You get the nostalgic taste of liquorice mixed with blue slushie, giving you something new and totally unique. It\'s refreshing, sweet and tangy - perfect for grownups with a sweet tooth. This is a high-VG formula, meaning it\'s designed to give sub-ohm vapers some serious cloud.</p>\r\n<p>If you want something a little more exotic, Lemon Coconut is a great option. It\'s got a blend of tangy citrus, plus smooth, exotic coconut. A liquorice kick puts the finishing touches on this e-liquid. It\'s nothing like you\'ve ever tried before and manages to be both complex and delicious at the same time. Each blend comes in a multipack with three 10ml bottles - meaning you can travel light on the go and keep a stash at home to top you up when you start to run low.</p>\r\n<p>If you like the sweet, deep taste of berry, Blackcurrant Menthol is well worth your time. It\'s a mouth-watering burst of fresh blackcurrant, followed by the cooling taste of menthol and all brought together by its heady, liquorice finish. Its distinctive taste has made it an instant fan-favourite with many. Each of the Liquorice Fruit flavours also comes with a choice of 3mg and 6mg nicotine strengths so you can choose your favourite based on preference.</p>\r\n<p>If cooling menthol is a favourite but you want something with a tangy bite, Raspberry Menthol is the answer. This fruity e-liquid blends tangy raspberry with the cooling flavour of menthol, then pairs it with spicy liquorice. The result is a sophisticated spin on two much-loved e-liquid flavours.</p>\r\n<h2>Behind the brand</h2>\r\n<p>Liquorice Fruits brings a delightfully nostalgic take on popular e-liquid flavours, creating a range that\'s packed with unique and intense flavour for sub-ohm setups.</p>\r\n<p>It\'s the latest range from Vapour Labs, the UK-based industry leaders who are responsible for bestsellers like Pure Evil, Pocket Fuel, e/\">The Coffee House.</p>\r\n<p>Each flavour is made using the highest-quality ingredients and thoroughly tested to give you e-liquid flavours that taste great and offer great value for money, too.</p>','Focus on: Liquorice Fruits Half the fun of vaping is discovering delicious new e-liquids, and with so many new brands launching there\'s no shortage of flavours to choose from. Liquorice Fruits is a new e-liquid brand that sub-ohm vapers will love. It\'s a carefully curated range of four delicious flavours that keep things sweet. Style meets substance The first thing','Focus on: Liquorice Fruits','https://www.vapestore.co.uk/wordpress/wp-content/uploads/2017/12/focus-on-liquorice-fruits_blog_post-jpg.jpg','2018-07-18 10:18:12',NULL,NULL,NULL,3,NULL,1),
(6,'Author Name','<p>The Stick Prince is arguably SMOK’s best ‘all-rounder’ device to date. Following in the path of the hugely popular SMOK Stick V8, can the Stick Prince live up to the hype?</p>\r\n<h2><strong>What’s in the Box:</strong></h2>\r\n<p>1 x SMOK Stick Prince 3000mAh Vape Mod<br />\r\n1 x SMOK TFV12 Prince Tank<br />\r\n2 x Prince V12 M4 0.17? Coils (1 x Preinstalled, 1 x Spare)<br />\r\n1 x USB Charging Cable<br />\r\n1 x User Manual<br />\r\n1 x Bag of Spare Parts</p>\r\n<h2><strong>First Impressions:</strong></h2>\r\n<p>With a one-button operation system and fixed wattage, the Stick Prince boasts all of the blissful simplicity of a pen device whilst maintaining the high performance and dense cloud production of a mod twice its size.</p>\r\n<h2><strong>Tech Specs:</strong></h2>\r\n<p>Incorporating a powerful 3000mAh battery, the Stick Prince is a very sturdy and durable bit of kit for its compact dimensions of 88mm high by 25mm wide. A micro USB charging port located on the body on the device allows for quick and efficient charging, the status of which is indicated by a red LED light which borders the firing button.</p>\r\n<p>Smok has also added numerous safety features to give you peace of mind during vaping, including an eight second cut off protection to prevent over-inhaling or accidental firing; which can ultimately lead to the battery becoming stressed. The Stick Prince also boasts short circuit protection, which helps to eliminate the chance of battery malfunction.</p>\r\n<h2><strong>The TFV12 Prince Tank:</strong></h2>\r\n<p>The Stick Prince comes with the hugely-popular 2ml TFV12 Prince tank, which has received wide acclaim for its innovative design and superb flavour delivery. However, the device also features a handy 510 connector, which means you are not limited to the use of one tank and can swap freely between your atomiser of choice.</p>\r\n<h2><strong>Our View: </strong></h2>\r\n<p>Although the Stick Prince is unrivalled in cloud production and flavour quality, what really stands out about this device is its sheer power when compared to its ease of operation. It is a perfect option for new and seasoned vapers alike and has the unique ability to accommodate high-spec vaping whilst remaining extremely accessible and easy to operate.</p>\r\n<p>So far the SMOK Stick Prince has proved to be extremely popular, and at such a low price it\'s no wonder why! It\'s now available online and instore at Vapestore.</p>','Incorporating a powerful 3000mAh battery, the Stick Prince is a very sturdy and durable bit of kit for its compact dimensions of 88mm high by 25mm wide. A micro USB charging port located on the body on the device allows for quick and efficient charging, the status of which is indicated by a red LED light which borders the firing button.\r\n\r\nSmok has also added numerous safety features to give you peace of mind during vaping, including an eight second cut off protection to prevent over-inhaling or accidental firing; which can ultimately lead to the battery becoming stressed. The Stick Prince also boasts short circuit protection, which helps to eliminate the chance of battery malfunction.','Focus on: SMOK Stick Prince Kit','https://www.youtube.com/watch?v=NLPKkiEMySo','2018-07-16 16:48:02',NULL,NULL,NULL,2,NULL,2),
(7,'Author Name 2','<h1>Squonking 101</h1>\r\n<p>Squonk mods have made a splash in the vaping community in the last little while, and \'squonking\' has quickly become known as a new and innovative way to maximise flavour.</p>\r\n<p>If you\'ve heard the term but aren\'t sure what it means, we\'re here to help you get to grips with the basics.</p>\r\n<h2>What is a squonk mod?</h2>\r\n<p>Squonking mods are very similar to the performance offered by rebuildable dripping atomizers. With an RDA, you drip liquid directly into your atomiser.</p>\r\n<p>RDAs are popular because they make it very easy to switch between flavours and the process tends to produce denser clouds and bolder flavour than the traditional tank.</p>\r\n<p>The problem with RDAs is they can be messy and inconvenient - you have to constantly carry a bottle of e-liquid on you and the process of dripping can mean you end up with e-liquid all over your kit.</p>\r\n<p>Squonking offers the same performance but eliminates the need to actually drip each time by building a solution right into the design.</p>\r\n<h2>How does it work?</h2>\r\n<p>Squonk mods are bottom-feeding and carry your e-liquid supply inside the mod, allowing you to directly feed e-liquid to the atomizer.</p>\r\n<p>The box mod has a small opening - called a squonk hole - that you squeeze to deliver a small amount of e-liquid to the atomiser and saturate the wick. When you release the pressure on the bottle, any excess will drip back into the bottle.</p>\r\n<h2>The past, present and future of squonking</h2>\r\n<p>Bottomfeed squonk mods have been on the scene since 2009, but it\'s only recently that they\'ve reached more mainstream popularity.</p>\r\n<p>Squonk mods and squonking atomisers are starting to pop up and are more readily available for vapers. People are searching for more information both online and in-store, which indicates these mods are offering something new and different to experienced vapers.</p>\r\n<p>However, the future of squonking is still unclear. There\'s reason to believe that squonk mods wont pass the new tighter regulations of the TPD, meaning just as soon as they\'ve risen to popularity they could disappear off the radar.</p>\r\n<p>The new TPD rules mean the maximum container size of an e-liquid bottle is 10ml, and the maximum cartridge or tank size is 2ml. There also needs to be leak-proof refilling mechanisms in place, which among other things mean there\'s a restriction on the maximum drops per minute a dropper can provide. These are just a few of the rules that could spell trouble for squonking.</p>','Squonking mods are very similar to the performance offered by rebuildable dripping atomizers. With an RDA, you drip liquid directly into your atomiser.\r\n\r\nRDAs are popular because they make it very easy to switch between flavours and the process tends to produce denser clouds and bolder flavour than the traditional tank.\r\n\r\nThe problem with RDAs is they can be messy and inconvenient - you have to constantly carry a bottle of e-liquid on you and the process of dripping can mean you end up with e-liquid all over your kit.\r\n\r\nSquonking offers the same performance but eliminates the need to actually drip each time by building a solution right into the design.','Squonking 101','https://www.youtube.com/watch?v=XkqyrDZUxVc','2018-07-16 17:17:43',NULL,NULL,NULL,2,NULL,2),
(8,'Author Name 2','<h1>Focus on: Liquorice Fruits</h1>\r\n<p>Half the fun of vaping is discovering delicious new e-liquids, and with so many new brands launching there\'s no shortage of flavours to choose from.</p>\r\n<p>Liquorice Fruits is a new e-liquid brand that sub-ohm vapers will love. It\'s a carefully curated range of four delicious flavours that keep things sweet.</p>\r\n<h2>Style meets substance</h2>\r\n<p>The first thing you\'ll notice about Liquorice Fruits is the colourful, unique packaging. Flavours are easy to identify by colour and their eye-catching range means they\'re sure to stand out.</p>\r\n<p>If you love liquorice Black Jacks then start with Blue Raspberry. You get the nostalgic taste of liquorice mixed with blue slushie, giving you something new and totally unique. It\'s refreshing, sweet and tangy - perfect for grownups with a sweet tooth. This is a high-VG formula, meaning it\'s designed to give sub-ohm vapers some serious cloud.</p>\r\n<p>If you want something a little more exotic, Lemon Coconut is a great option. It\'s got a blend of tangy citrus, plus smooth, exotic coconut. A liquorice kick puts the finishing touches on this e-liquid. It\'s nothing like you\'ve ever tried before and manages to be both complex and delicious at the same time. Each blend comes in a multipack with three 10ml bottles - meaning you can travel light on the go and keep a stash at home to top you up when you start to run low.</p>\r\n<p>If you like the sweet, deep taste of berry, Blackcurrant Menthol is well worth your time. It\'s a mouth-watering burst of fresh blackcurrant, followed by the cooling taste of menthol and all brought together by its heady, liquorice finish. Its distinctive taste has made it an instant fan-favourite with many. Each of the Liquorice Fruit flavours also comes with a choice of 3mg and 6mg nicotine strengths so you can choose your favourite based on preference.</p>\r\n<p>If cooling menthol is a favourite but you want something with a tangy bite, Raspberry Menthol is the answer. This fruity e-liquid blends tangy raspberry with the cooling flavour of menthol, then pairs it with spicy liquorice. The result is a sophisticated spin on two much-loved e-liquid flavours.</p>\r\n<h2>Behind the brand</h2>\r\n<p>Liquorice Fruits brings a delightfully nostalgic take on popular e-liquid flavours, creating a range that\'s packed with unique and intense flavour for sub-ohm setups.</p>\r\n<p>It\'s the latest range from Vapour Labs, the UK-based industry leaders who are responsible for bestsellers like Pure Evil, Pocket Fuel, e/\">The Coffee House.</p>\r\n<p>Each flavour is made using the highest-quality ingredients and thoroughly tested to give you e-liquid flavours that taste great and offer great value for money, too.</p>','Focus on: Liquorice Fruits Half the fun of vaping is discovering delicious new e-liquids, and with so many new brands launching there\'s no shortage of flavours to choose from. Liquorice Fruits is a new e-liquid brand that sub-ohm vapers will love. It\'s a carefully curated range of four delicious flavours that keep things sweet. Style meets substance The first thing','Focus on: Liquorice Fruits','https://www.youtube.com/watch?v=r-PRtm8JC6M','2018-07-18 10:18:12',NULL,NULL,NULL,3,NULL,2),
(9,'Author Name','<p>The Stick Prince is arguably SMOK’s best ‘all-rounder’ device to date. Following in the path of the hugely popular SMOK Stick V8, can the Stick Prince live up to the hype?</p>\r\n<h2><strong>What’s in the Box:</strong></h2>\r\n<p>1 x SMOK Stick Prince 3000mAh Vape Mod<br />\r\n1 x SMOK TFV12 Prince Tank<br />\r\n2 x Prince V12 M4 0.17? Coils (1 x Preinstalled, 1 x Spare)<br />\r\n1 x USB Charging Cable<br />\r\n1 x User Manual<br />\r\n1 x Bag of Spare Parts</p>\r\n<h2><strong>First Impressions:</strong></h2>\r\n<p>With a one-button operation system and fixed wattage, the Stick Prince boasts all of the blissful simplicity of a pen device whilst maintaining the high performance and dense cloud production of a mod twice its size.</p>\r\n<h2><strong>Tech Specs:</strong></h2>\r\n<p>Incorporating a powerful 3000mAh battery, the Stick Prince is a very sturdy and durable bit of kit for its compact dimensions of 88mm high by 25mm wide. A micro USB charging port located on the body on the device allows for quick and efficient charging, the status of which is indicated by a red LED light which borders the firing button.</p>\r\n<p>Smok has also added numerous safety features to give you peace of mind during vaping, including an eight second cut off protection to prevent over-inhaling or accidental firing; which can ultimately lead to the battery becoming stressed. The Stick Prince also boasts short circuit protection, which helps to eliminate the chance of battery malfunction.</p>\r\n<h2><strong>The TFV12 Prince Tank:</strong></h2>\r\n<p>The Stick Prince comes with the hugely-popular 2ml TFV12 Prince tank, which has received wide acclaim for its innovative design and superb flavour delivery. However, the device also features a handy 510 connector, which means you are not limited to the use of one tank and can swap freely between your atomiser of choice.</p>\r\n<h2><strong>Our View: </strong></h2>\r\n<p>Although the Stick Prince is unrivalled in cloud production and flavour quality, what really stands out about this device is its sheer power when compared to its ease of operation. It is a perfect option for new and seasoned vapers alike and has the unique ability to accommodate high-spec vaping whilst remaining extremely accessible and easy to operate.</p>\r\n<p>So far the SMOK Stick Prince has proved to be extremely popular, and at such a low price it\'s no wonder why! It\'s now available online and instore at Vapestore.</p>','Incorporating a powerful 3000mAh battery, the Stick Prince is a very sturdy and durable bit of kit for its compact dimensions of 88mm high by 25mm wide. A micro USB charging port located on the body on the device allows for quick and efficient charging, the status of which is indicated by a red LED light which borders the firing button.\r\n\r\nSmok has also added numerous safety features to give you peace of mind during vaping, including an eight second cut off protection to prevent over-inhaling or accidental firing; which can ultimately lead to the battery becoming stressed. The Stick Prince also boasts short circuit protection, which helps to eliminate the chance of battery malfunction.','Focus on: SMOK Stick Prince Kit','https://www.vapestore.co.uk/wordpress/wp-content/uploads/2018/05/stick7.png','2018-07-16 16:48:02',NULL,NULL,NULL,2,NULL,3),
(10,'Author Name 2','<h1>Squonking 101</h1>\r\n<p>Squonk mods have made a splash in the vaping community in the last little while, and \'squonking\' has quickly become known as a new and innovative way to maximise flavour.</p>\r\n<p>If you\'ve heard the term but aren\'t sure what it means, we\'re here to help you get to grips with the basics.</p>\r\n<h2>What is a squonk mod?</h2>\r\n<p>Squonking mods are very similar to the performance offered by rebuildable dripping atomizers. With an RDA, you drip liquid directly into your atomiser.</p>\r\n<p>RDAs are popular because they make it very easy to switch between flavours and the process tends to produce denser clouds and bolder flavour than the traditional tank.</p>\r\n<p>The problem with RDAs is they can be messy and inconvenient - you have to constantly carry a bottle of e-liquid on you and the process of dripping can mean you end up with e-liquid all over your kit.</p>\r\n<p>Squonking offers the same performance but eliminates the need to actually drip each time by building a solution right into the design.</p>\r\n<h2>How does it work?</h2>\r\n<p>Squonk mods are bottom-feeding and carry your e-liquid supply inside the mod, allowing you to directly feed e-liquid to the atomizer.</p>\r\n<p>The box mod has a small opening - called a squonk hole - that you squeeze to deliver a small amount of e-liquid to the atomiser and saturate the wick. When you release the pressure on the bottle, any excess will drip back into the bottle.</p>\r\n<h2>The past, present and future of squonking</h2>\r\n<p>Bottomfeed squonk mods have been on the scene since 2009, but it\'s only recently that they\'ve reached more mainstream popularity.</p>\r\n<p>Squonk mods and squonking atomisers are starting to pop up and are more readily available for vapers. People are searching for more information both online and in-store, which indicates these mods are offering something new and different to experienced vapers.</p>\r\n<p>However, the future of squonking is still unclear. There\'s reason to believe that squonk mods wont pass the new tighter regulations of the TPD, meaning just as soon as they\'ve risen to popularity they could disappear off the radar.</p>\r\n<p>The new TPD rules mean the maximum container size of an e-liquid bottle is 10ml, and the maximum cartridge or tank size is 2ml. There also needs to be leak-proof refilling mechanisms in place, which among other things mean there\'s a restriction on the maximum drops per minute a dropper can provide. These are just a few of the rules that could spell trouble for squonking.</p>','Squonking mods are very similar to the performance offered by rebuildable dripping atomizers. With an RDA, you drip liquid directly into your atomiser.\r\n\r\nRDAs are popular because they make it very easy to switch between flavours and the process tends to produce denser clouds and bolder flavour than the traditional tank.\r\n\r\nThe problem with RDAs is they can be messy and inconvenient - you have to constantly carry a bottle of e-liquid on you and the process of dripping can mean you end up with e-liquid all over your kit.\r\n\r\nSquonking offers the same performance but eliminates the need to actually drip each time by building a solution right into the design.','Squonking 101','https://www.vapestore.co.uk/wordpress/wp-content/uploads/2017/12/01620233squonking_101-jpg.jpg','2018-07-16 17:17:43',NULL,NULL,NULL,2,NULL,3),
(11,'Author Name 2','<h1>Focus on: Liquorice Fruits</h1>\r\n<p>Half the fun of vaping is discovering delicious new e-liquids, and with so many new brands launching there\'s no shortage of flavours to choose from.</p>\r\n<p>Liquorice Fruits is a new e-liquid brand that sub-ohm vapers will love. It\'s a carefully curated range of four delicious flavours that keep things sweet.</p>\r\n<h2>Style meets substance</h2>\r\n<p>The first thing you\'ll notice about Liquorice Fruits is the colourful, unique packaging. Flavours are easy to identify by colour and their eye-catching range means they\'re sure to stand out.</p>\r\n<p>If you love liquorice Black Jacks then start with Blue Raspberry. You get the nostalgic taste of liquorice mixed with blue slushie, giving you something new and totally unique. It\'s refreshing, sweet and tangy - perfect for grownups with a sweet tooth. This is a high-VG formula, meaning it\'s designed to give sub-ohm vapers some serious cloud.</p>\r\n<p>If you want something a little more exotic, Lemon Coconut is a great option. It\'s got a blend of tangy citrus, plus smooth, exotic coconut. A liquorice kick puts the finishing touches on this e-liquid. It\'s nothing like you\'ve ever tried before and manages to be both complex and delicious at the same time. Each blend comes in a multipack with three 10ml bottles - meaning you can travel light on the go and keep a stash at home to top you up when you start to run low.</p>\r\n<p>If you like the sweet, deep taste of berry, Blackcurrant Menthol is well worth your time. It\'s a mouth-watering burst of fresh blackcurrant, followed by the cooling taste of menthol and all brought together by its heady, liquorice finish. Its distinctive taste has made it an instant fan-favourite with many. Each of the Liquorice Fruit flavours also comes with a choice of 3mg and 6mg nicotine strengths so you can choose your favourite based on preference.</p>\r\n<p>If cooling menthol is a favourite but you want something with a tangy bite, Raspberry Menthol is the answer. This fruity e-liquid blends tangy raspberry with the cooling flavour of menthol, then pairs it with spicy liquorice. The result is a sophisticated spin on two much-loved e-liquid flavours.</p>\r\n<h2>Behind the brand</h2>\r\n<p>Liquorice Fruits brings a delightfully nostalgic take on popular e-liquid flavours, creating a range that\'s packed with unique and intense flavour for sub-ohm setups.</p>\r\n<p>It\'s the latest range from Vapour Labs, the UK-based industry leaders who are responsible for bestsellers like Pure Evil, Pocket Fuel, e/\">The Coffee House.</p>\r\n<p>Each flavour is made using the highest-quality ingredients and thoroughly tested to give you e-liquid flavours that taste great and offer great value for money, too.</p>','Focus on: Liquorice Fruits Half the fun of vaping is discovering delicious new e-liquids, and with so many new brands launching there\'s no shortage of flavours to choose from. Liquorice Fruits is a new e-liquid brand that sub-ohm vapers will love. It\'s a carefully curated range of four delicious flavours that keep things sweet. Style meets substance The first thing','Focus on: Liquorice Fruits','https://www.vapestore.co.uk/wordpress/wp-content/uploads/2017/12/focus-on-liquorice-fruits_blog_post-jpg.jpg','2018-07-18 10:18:12',NULL,NULL,NULL,3,NULL,3),
(12,'Author Name','<p>The Stick Prince is arguably SMOK’s best ‘all-rounder’ device to date. Following in the path of the hugely popular SMOK Stick V8, can the Stick Prince live up to the hype?</p>\r\n<h2><strong>What’s in the Box:</strong></h2>\r\n<p>1 x SMOK Stick Prince 3000mAh Vape Mod<br />\r\n1 x SMOK TFV12 Prince Tank<br />\r\n2 x Prince V12 M4 0.17? Coils (1 x Preinstalled, 1 x Spare)<br />\r\n1 x USB Charging Cable<br />\r\n1 x User Manual<br />\r\n1 x Bag of Spare Parts</p>\r\n<h2><strong>First Impressions:</strong></h2>\r\n<p>With a one-button operation system and fixed wattage, the Stick Prince boasts all of the blissful simplicity of a pen device whilst maintaining the high performance and dense cloud production of a mod twice its size.</p>\r\n<h2><strong>Tech Specs:</strong></h2>\r\n<p>Incorporating a powerful 3000mAh battery, the Stick Prince is a very sturdy and durable bit of kit for its compact dimensions of 88mm high by 25mm wide. A micro USB charging port located on the body on the device allows for quick and efficient charging, the status of which is indicated by a red LED light which borders the firing button.</p>\r\n<p>Smok has also added numerous safety features to give you peace of mind during vaping, including an eight second cut off protection to prevent over-inhaling or accidental firing; which can ultimately lead to the battery becoming stressed. The Stick Prince also boasts short circuit protection, which helps to eliminate the chance of battery malfunction.</p>\r\n<h2><strong>The TFV12 Prince Tank:</strong></h2>\r\n<p>The Stick Prince comes with the hugely-popular 2ml TFV12 Prince tank, which has received wide acclaim for its innovative design and superb flavour delivery. However, the device also features a handy 510 connector, which means you are not limited to the use of one tank and can swap freely between your atomiser of choice.</p>\r\n<h2><strong>Our View: </strong></h2>\r\n<p>Although the Stick Prince is unrivalled in cloud production and flavour quality, what really stands out about this device is its sheer power when compared to its ease of operation. It is a perfect option for new and seasoned vapers alike and has the unique ability to accommodate high-spec vaping whilst remaining extremely accessible and easy to operate.</p>\r\n<p>So far the SMOK Stick Prince has proved to be extremely popular, and at such a low price it\'s no wonder why! It\'s now available online and instore at Vapestore.</p>','Incorporating a powerful 3000mAh battery, the Stick Prince is a very sturdy and durable bit of kit for its compact dimensions of 88mm high by 25mm wide. A micro USB charging port located on the body on the device allows for quick and efficient charging, the status of which is indicated by a red LED light which borders the firing button.\r\n\r\nSmok has also added numerous safety features to give you peace of mind during vaping, including an eight second cut off protection to prevent over-inhaling or accidental firing; which can ultimately lead to the battery becoming stressed. The Stick Prince also boasts short circuit protection, which helps to eliminate the chance of battery malfunction.','Focus on: SMOK Stick Prince Kit','https://www.vapestore.co.uk/wordpress/wp-content/uploads/2018/05/stick7.png','2018-07-16 16:48:02',NULL,NULL,NULL,2,NULL,1),
(13,'Author Name','<p>The Stick Prince is arguably SMOK’s best ‘all-rounder’ device to date. Following in the path of the hugely popular SMOK Stick V8, can the Stick Prince live up to the hype?</p>\r\n<h2><strong>What’s in the Box:</strong></h2>\r\n<p>1 x SMOK Stick Prince 3000mAh Vape Mod<br />\r\n1 x SMOK TFV12 Prince Tank<br />\r\n2 x Prince V12 M4 0.17? Coils (1 x Preinstalled, 1 x Spare)<br />\r\n1 x USB Charging Cable<br />\r\n1 x User Manual<br />\r\n1 x Bag of Spare Parts</p>\r\n<h2><strong>First Impressions:</strong></h2>\r\n<p>With a one-button operation system and fixed wattage, the Stick Prince boasts all of the blissful simplicity of a pen device whilst maintaining the high performance and dense cloud production of a mod twice its size.</p>\r\n<h2><strong>Tech Specs:</strong></h2>\r\n<p>Incorporating a powerful 3000mAh battery, the Stick Prince is a very sturdy and durable bit of kit for its compact dimensions of 88mm high by 25mm wide. A micro USB charging port located on the body on the device allows for quick and efficient charging, the status of which is indicated by a red LED light which borders the firing button.</p>\r\n<p>Smok has also added numerous safety features to give you peace of mind during vaping, including an eight second cut off protection to prevent over-inhaling or accidental firing; which can ultimately lead to the battery becoming stressed. The Stick Prince also boasts short circuit protection, which helps to eliminate the chance of battery malfunction.</p>\r\n<h2><strong>The TFV12 Prince Tank:</strong></h2>\r\n<p>The Stick Prince comes with the hugely-popular 2ml TFV12 Prince tank, which has received wide acclaim for its innovative design and superb flavour delivery. However, the device also features a handy 510 connector, which means you are not limited to the use of one tank and can swap freely between your atomiser of choice.</p>\r\n<h2><strong>Our View: </strong></h2>\r\n<p>Although the Stick Prince is unrivalled in cloud production and flavour quality, what really stands out about this device is its sheer power when compared to its ease of operation. It is a perfect option for new and seasoned vapers alike and has the unique ability to accommodate high-spec vaping whilst remaining extremely accessible and easy to operate.</p>\r\n<p>So far the SMOK Stick Prince has proved to be extremely popular, and at such a low price it\'s no wonder why! It\'s now available online and instore at Vapestore.</p>','Incorporating a powerful 3000mAh battery, the Stick Prince is a very sturdy and durable bit of kit for its compact dimensions of 88mm high by 25mm wide. A micro USB charging port located on the body on the device allows for quick and efficient charging, the status of which is indicated by a red LED light which borders the firing button.\r\n\r\nSmok has also added numerous safety features to give you peace of mind during vaping, including an eight second cut off protection to prevent over-inhaling or accidental firing; which can ultimately lead to the battery becoming stressed. The Stick Prince also boasts short circuit protection, which helps to eliminate the chance of battery malfunction.','Focus on: SMOK Stick Prince Kit','https://www.vapestore.co.uk/wordpress/wp-content/uploads/2018/05/stick7.png','2018-07-16 16:48:02',NULL,NULL,NULL,1,NULL,3),
(14,'Author Name 2','<h1>Squonking 101</h1>\r\n<p>Squonk mods have made a splash in the vaping community in the last little while, and \'squonking\' has quickly become known as a new and innovative way to maximise flavour.</p>\r\n<p>If you\'ve heard the term but aren\'t sure what it means, we\'re here to help you get to grips with the basics.</p>\r\n<h2>What is a squonk mod?</h2>\r\n<p>Squonking mods are very similar to the performance offered by rebuildable dripping atomizers. With an RDA, you drip liquid directly into your atomiser.</p>\r\n<p>RDAs are popular because they make it very easy to switch between flavours and the process tends to produce denser clouds and bolder flavour than the traditional tank.</p>\r\n<p>The problem with RDAs is they can be messy and inconvenient - you have to constantly carry a bottle of e-liquid on you and the process of dripping can mean you end up with e-liquid all over your kit.</p>\r\n<p>Squonking offers the same performance but eliminates the need to actually drip each time by building a solution right into the design.</p>\r\n<h2>How does it work?</h2>\r\n<p>Squonk mods are bottom-feeding and carry your e-liquid supply inside the mod, allowing you to directly feed e-liquid to the atomizer.</p>\r\n<p>The box mod has a small opening - called a squonk hole - that you squeeze to deliver a small amount of e-liquid to the atomiser and saturate the wick. When you release the pressure on the bottle, any excess will drip back into the bottle.</p>\r\n<h2>The past, present and future of squonking</h2>\r\n<p>Bottomfeed squonk mods have been on the scene since 2009, but it\'s only recently that they\'ve reached more mainstream popularity.</p>\r\n<p>Squonk mods and squonking atomisers are starting to pop up and are more readily available for vapers. People are searching for more information both online and in-store, which indicates these mods are offering something new and different to experienced vapers.</p>\r\n<p>However, the future of squonking is still unclear. There\'s reason to believe that squonk mods wont pass the new tighter regulations of the TPD, meaning just as soon as they\'ve risen to popularity they could disappear off the radar.</p>\r\n<p>The new TPD rules mean the maximum container size of an e-liquid bottle is 10ml, and the maximum cartridge or tank size is 2ml. There also needs to be leak-proof refilling mechanisms in place, which among other things mean there\'s a restriction on the maximum drops per minute a dropper can provide. These are just a few of the rules that could spell trouble for squonking.</p>','Squonking mods are very similar to the performance offered by rebuildable dripping atomizers. With an RDA, you drip liquid directly into your atomiser.\r\n\r\nRDAs are popular because they make it very easy to switch between flavours and the process tends to produce denser clouds and bolder flavour than the traditional tank.\r\n\r\nThe problem with RDAs is they can be messy and inconvenient - you have to constantly carry a bottle of e-liquid on you and the process of dripping can mean you end up with e-liquid all over your kit.\r\n\r\nSquonking offers the same performance but eliminates the need to actually drip each time by building a solution right into the design.','Squonking 101','https://www.vapestore.co.uk/wordpress/wp-content/uploads/2017/12/01620233squonking_101-jpg.jpg','2018-07-16 17:17:43',NULL,NULL,NULL,2,NULL,1),
(15,'Author Name 2','<h1>Squonking 101</h1>\r\n<p>Squonk mods have made a splash in the vaping community in the last little while, and \'squonking\' has quickly become known as a new and innovative way to maximise flavour.</p>\r\n<p>If you\'ve heard the term but aren\'t sure what it means, we\'re here to help you get to grips with the basics.</p>\r\n<h2>What is a squonk mod?</h2>\r\n<p>Squonking mods are very similar to the performance offered by rebuildable dripping atomizers. With an RDA, you drip liquid directly into your atomiser.</p>\r\n<p>RDAs are popular because they make it very easy to switch between flavours and the process tends to produce denser clouds and bolder flavour than the traditional tank.</p>\r\n<p>The problem with RDAs is they can be messy and inconvenient - you have to constantly carry a bottle of e-liquid on you and the process of dripping can mean you end up with e-liquid all over your kit.</p>\r\n<p>Squonking offers the same performance but eliminates the need to actually drip each time by building a solution right into the design.</p>\r\n<h2>How does it work?</h2>\r\n<p>Squonk mods are bottom-feeding and carry your e-liquid supply inside the mod, allowing you to directly feed e-liquid to the atomizer.</p>\r\n<p>The box mod has a small opening - called a squonk hole - that you squeeze to deliver a small amount of e-liquid to the atomiser and saturate the wick. When you release the pressure on the bottle, any excess will drip back into the bottle.</p>\r\n<h2>The past, present and future of squonking</h2>\r\n<p>Bottomfeed squonk mods have been on the scene since 2009, but it\'s only recently that they\'ve reached more mainstream popularity.</p>\r\n<p>Squonk mods and squonking atomisers are starting to pop up and are more readily available for vapers. People are searching for more information both online and in-store, which indicates these mods are offering something new and different to experienced vapers.</p>\r\n<p>However, the future of squonking is still unclear. There\'s reason to believe that squonk mods wont pass the new tighter regulations of the TPD, meaning just as soon as they\'ve risen to popularity they could disappear off the radar.</p>\r\n<p>The new TPD rules mean the maximum container size of an e-liquid bottle is 10ml, and the maximum cartridge or tank size is 2ml. There also needs to be leak-proof refilling mechanisms in place, which among other things mean there\'s a restriction on the maximum drops per minute a dropper can provide. These are just a few of the rules that could spell trouble for squonking.</p>','Squonking mods are very similar to the performance offered by rebuildable dripping atomizers. With an RDA, you drip liquid directly into your atomiser.\r\n\r\nRDAs are popular because they make it very easy to switch between flavours and the process tends to produce denser clouds and bolder flavour than the traditional tank.\r\n\r\nThe problem with RDAs is they can be messy and inconvenient - you have to constantly carry a bottle of e-liquid on you and the process of dripping can mean you end up with e-liquid all over your kit.\r\n\r\nSquonking offers the same performance but eliminates the need to actually drip each time by building a solution right into the design.','Squonking 101','https://www.vapestore.co.uk/wordpress/wp-content/uploads/2017/12/01620233squonking_101-jpg.jpg','2018-07-16 17:17:43',NULL,NULL,NULL,2,NULL,3),
(16,'Author Name 2','<h1>Focus on: Liquorice Fruits</h1>\r\n<p>Half the fun of vaping is discovering delicious new e-liquids, and with so many new brands launching there\'s no shortage of flavours to choose from.</p>\r\n<p>Liquorice Fruits is a new e-liquid brand that sub-ohm vapers will love. It\'s a carefully curated range of four delicious flavours that keep things sweet.</p>\r\n<h2>Style meets substance</h2>\r\n<p>The first thing you\'ll notice about Liquorice Fruits is the colourful, unique packaging. Flavours are easy to identify by colour and their eye-catching range means they\'re sure to stand out.</p>\r\n<p>If you love liquorice Black Jacks then start with Blue Raspberry. You get the nostalgic taste of liquorice mixed with blue slushie, giving you something new and totally unique. It\'s refreshing, sweet and tangy - perfect for grownups with a sweet tooth. This is a high-VG formula, meaning it\'s designed to give sub-ohm vapers some serious cloud.</p>\r\n<p>If you want something a little more exotic, Lemon Coconut is a great option. It\'s got a blend of tangy citrus, plus smooth, exotic coconut. A liquorice kick puts the finishing touches on this e-liquid. It\'s nothing like you\'ve ever tried before and manages to be both complex and delicious at the same time. Each blend comes in a multipack with three 10ml bottles - meaning you can travel light on the go and keep a stash at home to top you up when you start to run low.</p>\r\n<p>If you like the sweet, deep taste of berry, Blackcurrant Menthol is well worth your time. It\'s a mouth-watering burst of fresh blackcurrant, followed by the cooling taste of menthol and all brought together by its heady, liquorice finish. Its distinctive taste has made it an instant fan-favourite with many. Each of the Liquorice Fruit flavours also comes with a choice of 3mg and 6mg nicotine strengths so you can choose your favourite based on preference.</p>\r\n<p>If cooling menthol is a favourite but you want something with a tangy bite, Raspberry Menthol is the answer. This fruity e-liquid blends tangy raspberry with the cooling flavour of menthol, then pairs it with spicy liquorice. The result is a sophisticated spin on two much-loved e-liquid flavours.</p>\r\n<h2>Behind the brand</h2>\r\n<p>Liquorice Fruits brings a delightfully nostalgic take on popular e-liquid flavours, creating a range that\'s packed with unique and intense flavour for sub-ohm setups.</p>\r\n<p>It\'s the latest range from Vapour Labs, the UK-based industry leaders who are responsible for bestsellers like Pure Evil, Pocket Fuel, e/\">The Coffee House.</p>\r\n<p>Each flavour is made using the highest-quality ingredients and thoroughly tested to give you e-liquid flavours that taste great and offer great value for money, too.</p>','Focus on: Liquorice Fruits Half the fun of vaping is discovering delicious new e-liquids, and with so many new brands launching there\'s no shortage of flavours to choose from. Liquorice Fruits is a new e-liquid brand that sub-ohm vapers will love. It\'s a carefully curated range of four delicious flavours that keep things sweet. Style meets substance The first thing','Focus on: Liquorice Fruits','https://www.vapestore.co.uk/wordpress/wp-content/uploads/2017/12/focus-on-liquorice-fruits_blog_post-jpg.jpg','2018-07-18 10:18:12',NULL,NULL,NULL,1,NULL,1),
(17,'Author Name 2','<h1>Focus on: Liquorice Fruits</h1>\r\n<p>Half the fun of vaping is discovering delicious new e-liquids, and with so many new brands launching there\'s no shortage of flavours to choose from.</p>\r\n<p>Liquorice Fruits is a new e-liquid brand that sub-ohm vapers will love. It\'s a carefully curated range of four delicious flavours that keep things sweet.</p>\r\n<h2>Style meets substance</h2>\r\n<p>The first thing you\'ll notice about Liquorice Fruits is the colourful, unique packaging. Flavours are easy to identify by colour and their eye-catching range means they\'re sure to stand out.</p>\r\n<p>If you love liquorice Black Jacks then start with Blue Raspberry. You get the nostalgic taste of liquorice mixed with blue slushie, giving you something new and totally unique. It\'s refreshing, sweet and tangy - perfect for grownups with a sweet tooth. This is a high-VG formula, meaning it\'s designed to give sub-ohm vapers some serious cloud.</p>\r\n<p>If you want something a little more exotic, Lemon Coconut is a great option. It\'s got a blend of tangy citrus, plus smooth, exotic coconut. A liquorice kick puts the finishing touches on this e-liquid. It\'s nothing like you\'ve ever tried before and manages to be both complex and delicious at the same time. Each blend comes in a multipack with three 10ml bottles - meaning you can travel light on the go and keep a stash at home to top you up when you start to run low.</p>\r\n<p>If you like the sweet, deep taste of berry, Blackcurrant Menthol is well worth your time. It\'s a mouth-watering burst of fresh blackcurrant, followed by the cooling taste of menthol and all brought together by its heady, liquorice finish. Its distinctive taste has made it an instant fan-favourite with many. Each of the Liquorice Fruit flavours also comes with a choice of 3mg and 6mg nicotine strengths so you can choose your favourite based on preference.</p>\r\n<p>If cooling menthol is a favourite but you want something with a tangy bite, Raspberry Menthol is the answer. This fruity e-liquid blends tangy raspberry with the cooling flavour of menthol, then pairs it with spicy liquorice. The result is a sophisticated spin on two much-loved e-liquid flavours.</p>\r\n<h2>Behind the brand</h2>\r\n<p>Liquorice Fruits brings a delightfully nostalgic take on popular e-liquid flavours, creating a range that\'s packed with unique and intense flavour for sub-ohm setups.</p>\r\n<p>It\'s the latest range from Vapour Labs, the UK-based industry leaders who are responsible for bestsellers like Pure Evil, Pocket Fuel, e/\">The Coffee House.</p>\r\n<p>Each flavour is made using the highest-quality ingredients and thoroughly tested to give you e-liquid flavours that taste great and offer great value for money, too.</p>','Focus on: Liquorice Fruits Half the fun of vaping is discovering delicious new e-liquids, and with so many new brands launching there\'s no shortage of flavours to choose from. Liquorice Fruits is a new e-liquid brand that sub-ohm vapers will love. It\'s a carefully curated range of four delicious flavours that keep things sweet. Style meets substance The first thing','Focus on: Liquorice Fruits','https://www.vapestore.co.uk/wordpress/wp-content/uploads/2017/12/focus-on-liquorice-fruits_blog_post-jpg.jpg','2018-07-18 10:18:12',NULL,NULL,NULL,3,NULL,3),
(18,'Author Name','<p>The Stick Prince is arguably SMOK’s best ‘all-rounder’ device to date. Following in the path of the hugely popular SMOK Stick V8, can the Stick Prince live up to the hype?</p>\r\n<h2><strong>What’s in the Box:</strong></h2>\r\n<p>1 x SMOK Stick Prince 3000mAh Vape Mod<br />\r\n1 x SMOK TFV12 Prince Tank<br />\r\n2 x Prince V12 M4 0.17? Coils (1 x Preinstalled, 1 x Spare)<br />\r\n1 x USB Charging Cable<br />\r\n1 x User Manual<br />\r\n1 x Bag of Spare Parts</p>\r\n<h2><strong>First Impressions:</strong></h2>\r\n<p>With a one-button operation system and fixed wattage, the Stick Prince boasts all of the blissful simplicity of a pen device whilst maintaining the high performance and dense cloud production of a mod twice its size.</p>\r\n<h2><strong>Tech Specs:</strong></h2>\r\n<p>Incorporating a powerful 3000mAh battery, the Stick Prince is a very sturdy and durable bit of kit for its compact dimensions of 88mm high by 25mm wide. A micro USB charging port located on the body on the device allows for quick and efficient charging, the status of which is indicated by a red LED light which borders the firing button.</p>\r\n<p>Smok has also added numerous safety features to give you peace of mind during vaping, including an eight second cut off protection to prevent over-inhaling or accidental firing; which can ultimately lead to the battery becoming stressed. The Stick Prince also boasts short circuit protection, which helps to eliminate the chance of battery malfunction.</p>\r\n<h2><strong>The TFV12 Prince Tank:</strong></h2>\r\n<p>The Stick Prince comes with the hugely-popular 2ml TFV12 Prince tank, which has received wide acclaim for its innovative design and superb flavour delivery. However, the device also features a handy 510 connector, which means you are not limited to the use of one tank and can swap freely between your atomiser of choice.</p>\r\n<h2><strong>Our View: </strong></h2>\r\n<p>Although the Stick Prince is unrivalled in cloud production and flavour quality, what really stands out about this device is its sheer power when compared to its ease of operation. It is a perfect option for new and seasoned vapers alike and has the unique ability to accommodate high-spec vaping whilst remaining extremely accessible and easy to operate.</p>\r\n<p>So far the SMOK Stick Prince has proved to be extremely popular, and at such a low price it\'s no wonder why! It\'s now available online and instore at Vapestore.</p>','Incorporating a powerful 3000mAh battery, the Stick Prince is a very sturdy and durable bit of kit for its compact dimensions of 88mm high by 25mm wide. A micro USB charging port located on the body on the device allows for quick and efficient charging, the status of which is indicated by a red LED light which borders the firing button.\r\n\r\nSmok has also added numerous safety features to give you peace of mind during vaping, including an eight second cut off protection to prevent over-inhaling or accidental firing; which can ultimately lead to the battery becoming stressed. The Stick Prince also boasts short circuit protection, which helps to eliminate the chance of battery malfunction.','Focus on: SMOK Stick Prince Kit','https://www.youtube.com/watch?v=NLPKkiEMySo','2018-07-16 16:48:02',NULL,NULL,NULL,2,NULL,2),
(19,'Author Name 2','<h1>Squonking 101</h1>\r\n<p>Squonk mods have made a splash in the vaping community in the last little while, and \'squonking\' has quickly become known as a new and innovative way to maximise flavour.</p>\r\n<p>If you\'ve heard the term but aren\'t sure what it means, we\'re here to help you get to grips with the basics.</p>\r\n<h2>What is a squonk mod?</h2>\r\n<p>Squonking mods are very similar to the performance offered by rebuildable dripping atomizers. With an RDA, you drip liquid directly into your atomiser.</p>\r\n<p>RDAs are popular because they make it very easy to switch between flavours and the process tends to produce denser clouds and bolder flavour than the traditional tank.</p>\r\n<p>The problem with RDAs is they can be messy and inconvenient - you have to constantly carry a bottle of e-liquid on you and the process of dripping can mean you end up with e-liquid all over your kit.</p>\r\n<p>Squonking offers the same performance but eliminates the need to actually drip each time by building a solution right into the design.</p>\r\n<h2>How does it work?</h2>\r\n<p>Squonk mods are bottom-feeding and carry your e-liquid supply inside the mod, allowing you to directly feed e-liquid to the atomizer.</p>\r\n<p>The box mod has a small opening - called a squonk hole - that you squeeze to deliver a small amount of e-liquid to the atomiser and saturate the wick. When you release the pressure on the bottle, any excess will drip back into the bottle.</p>\r\n<h2>The past, present and future of squonking</h2>\r\n<p>Bottomfeed squonk mods have been on the scene since 2009, but it\'s only recently that they\'ve reached more mainstream popularity.</p>\r\n<p>Squonk mods and squonking atomisers are starting to pop up and are more readily available for vapers. People are searching for more information both online and in-store, which indicates these mods are offering something new and different to experienced vapers.</p>\r\n<p>However, the future of squonking is still unclear. There\'s reason to believe that squonk mods wont pass the new tighter regulations of the TPD, meaning just as soon as they\'ve risen to popularity they could disappear off the radar.</p>\r\n<p>The new TPD rules mean the maximum container size of an e-liquid bottle is 10ml, and the maximum cartridge or tank size is 2ml. There also needs to be leak-proof refilling mechanisms in place, which among other things mean there\'s a restriction on the maximum drops per minute a dropper can provide. These are just a few of the rules that could spell trouble for squonking.</p>','Squonking mods are very similar to the performance offered by rebuildable dripping atomizers. With an RDA, you drip liquid directly into your atomiser.\r\n\r\nRDAs are popular because they make it very easy to switch between flavours and the process tends to produce denser clouds and bolder flavour than the traditional tank.\r\n\r\nThe problem with RDAs is they can be messy and inconvenient - you have to constantly carry a bottle of e-liquid on you and the process of dripping can mean you end up with e-liquid all over your kit.\r\n\r\nSquonking offers the same performance but eliminates the need to actually drip each time by building a solution right into the design.','Squonking 101','https://www.youtube.com/watch?v=XkqyrDZUxVc','2018-07-16 17:17:43',NULL,NULL,NULL,2,NULL,2),
(20,'Author Name 2','<h1>Focus on: Liquorice Fruits</h1>\r\n<p>Half the fun of vaping is discovering delicious new e-liquids, and with so many new brands launching there\'s no shortage of flavours to choose from.</p>\r\n<p>Liquorice Fruits is a new e-liquid brand that sub-ohm vapers will love. It\'s a carefully curated range of four delicious flavours that keep things sweet.</p>\r\n<h2>Style meets substance</h2>\r\n<p>The first thing you\'ll notice about Liquorice Fruits is the colourful, unique packaging. Flavours are easy to identify by colour and their eye-catching range means they\'re sure to stand out.</p>\r\n<p>If you love liquorice Black Jacks then start with Blue Raspberry. You get the nostalgic taste of liquorice mixed with blue slushie, giving you something new and totally unique. It\'s refreshing, sweet and tangy - perfect for grownups with a sweet tooth. This is a high-VG formula, meaning it\'s designed to give sub-ohm vapers some serious cloud.</p>\r\n<p>If you want something a little more exotic, Lemon Coconut is a great option. It\'s got a blend of tangy citrus, plus smooth, exotic coconut. A liquorice kick puts the finishing touches on this e-liquid. It\'s nothing like you\'ve ever tried before and manages to be both complex and delicious at the same time. Each blend comes in a multipack with three 10ml bottles - meaning you can travel light on the go and keep a stash at home to top you up when you start to run low.</p>\r\n<p>If you like the sweet, deep taste of berry, Blackcurrant Menthol is well worth your time. It\'s a mouth-watering burst of fresh blackcurrant, followed by the cooling taste of menthol and all brought together by its heady, liquorice finish. Its distinctive taste has made it an instant fan-favourite with many. Each of the Liquorice Fruit flavours also comes with a choice of 3mg and 6mg nicotine strengths so you can choose your favourite based on preference.</p>\r\n<p>If cooling menthol is a favourite but you want something with a tangy bite, Raspberry Menthol is the answer. This fruity e-liquid blends tangy raspberry with the cooling flavour of menthol, then pairs it with spicy liquorice. The result is a sophisticated spin on two much-loved e-liquid flavours.</p>\r\n<h2>Behind the brand</h2>\r\n<p>Liquorice Fruits brings a delightfully nostalgic take on popular e-liquid flavours, creating a range that\'s packed with unique and intense flavour for sub-ohm setups.</p>\r\n<p>It\'s the latest range from Vapour Labs, the UK-based industry leaders who are responsible for bestsellers like Pure Evil, Pocket Fuel, e/\">The Coffee House.</p>\r\n<p>Each flavour is made using the highest-quality ingredients and thoroughly tested to give you e-liquid flavours that taste great and offer great value for money, too.</p>','Focus on: Liquorice Fruits Half the fun of vaping is discovering delicious new e-liquids, and with so many new brands launching there\'s no shortage of flavours to choose from. Liquorice Fruits is a new e-liquid brand that sub-ohm vapers will love. It\'s a carefully curated range of four delicious flavours that keep things sweet. Style meets substance The first thing','Focus on: Liquorice Fruits','https://www.youtube.com/watch?v=r-PRtm8JC6M','2018-07-18 10:18:12',NULL,NULL,NULL,3,NULL,2);

/*Data for the table `comments` */

insert  into `comments`(`comment_id`,`blog_id`,`comment`,`user_id`,`created_date`,`created_by`,`updated_date`,`updated_by`) values 
(1,1,'This blog is so useful, hope you write another blog like this again.',1,'2018-07-19 16:55:07',NULL,NULL,NULL),
(2,1,'Nice blog, very interesting.',1,'2018-07-19 16:55:46',NULL,NULL,NULL),
(39,1,'Whoaaa, its a wonderful blog!!',1,'2018-07-19 17:53:50',NULL,NULL,NULL),
(40,1,'Whoaaa, its a wonderful blog!!',1,'2018-07-19 17:59:01',NULL,NULL,NULL),
(41,1,'Whoaaa, its a wonderful blog!!',1,'2018-07-19 17:59:42',NULL,NULL,NULL),
(42,2,'test comment',1,'2018-07-23 13:40:57',NULL,NULL,NULL),
(43,2,'test h3h3',1,'2018-07-23 16:16:56',NULL,NULL,NULL),
(44,5,'test 1',2,'2018-07-23 16:21:33',NULL,NULL,NULL),
(45,5,'test',2,'2018-07-25 20:24:41',NULL,NULL,NULL);

/*Data for the table `roles` */

/*Data for the table `sections` */

insert  into `sections`(`section_id`,`name`) values 
(1,'Image Blog'),
(2,'Video Blog'),
(3,'Product Blog');

/*Data for the table `users` */

insert  into `users`(`user_id`,`fullname`,`email`,`username`,`password`,`active`,`role_id`,`phone`) values 
(1,'teguh jiwandana','tjiwandana@gmail.com','tjiwandana','test123',1,NULL,NULL),
(2,'Admin','admin@a.com','admin','opCS2GUdN1PgrRBhpDxh7aiMcdOnXNfCQ7gFogWAWSg=',1,NULL,'1111111'),
(3,'test user','test email','testusername','NnViYRx9KS+ZS7vCEAKWrSWfkbSExhhUvkiWKAwYoHo=',1,NULL,NULL),
(5,'customer','customer@g.com','customer','sMuxQDhwQfKFM4waDZRiOZdJclbKu0kvCa07h9tk4og=',1,NULL,'08123123123');

/*!40101 SET SQL_MODE=@OLD_SQL_MODE */;
/*!40014 SET FOREIGN_KEY_CHECKS=@OLD_FOREIGN_KEY_CHECKS */;
/*!40014 SET UNIQUE_CHECKS=@OLD_UNIQUE_CHECKS */;
/*!40111 SET SQL_NOTES=@OLD_SQL_NOTES */;
